OrderProductID,Orders_OrderID,Product_ProductID
OP2589,OR6018,PR4689
OP2590,OR6019,PR4690
OP2591,OR6020,PR4691
OP2592,OR6021,PR4692
OP2593,OR6022,PR4693
OP2594,OR6023,PR4694
OP2595,OR6024,PR4695
OP2596,OR6025,PR4696
OP2597,OR6026,PR4697
OP2598,OR6027,PR4698
OP2599,OR6028,PR4699
OP2600,OR6029,PR4700
OP2601,OR6030,PR4701
OP2602,OR6031,PR4702
OP2603,OR6032,PR4703
OP2604,OR6033,PR4704
OP2605,OR6034,PR4705
OP2606,OR6035,PR4706
OP2607,OR6036,PR4707
OP2608,OR6037,PR4708
OP2609,OR6038,PR4709
OP2610,OR6039,PR4710
OP2611,OR6040,PR4711
OP2612,OR6041,PR4712
OP2613,OR6042,PR4713
OP2614,OR6043,PR4714
OP2615,OR6044,PR4715
OP2616,OR6045,PR4716
OP2617,OR6046,PR4717
OP2618,OR6047,PR4718
OP2619,OR6048,PR4719
OP2620,OR6049,PR4720
OP2621,OR6050,PR4721
OP2622,OR6051,PR4722
OP2623,OR6052,PR4723
OP2624,OR6053,PR4724
OP2625,OR6054,PR4725
OP2626,OR6055,PR4726
OP2627,OR6056,PR4727
OP2628,OR6057,PR4728
OP2629,OR6058,PR4729
OP2630,OR6059,PR4730
OP2631,OR6060,PR4731
OP2632,OR6061,PR4732
OP2633,OR6062,PR4733
OP2634,OR6063,PR4734
OP2635,OR6064,PR4735
OP2636,OR6065,PR4736
OP2637,OR6066,PR4737
OP2638,OR6067,PR4738
OP2639,OR6068,PR4739
OP2640,OR6069,PR4740
OP2641,OR6070,PR4741
OP2642,OR6071,PR4742
OP2643,OR6072,PR4743
OP2644,OR6073,PR4744
OP2645,OR6074,PR4745
OP2646,OR6075,PR4746
OP2647,OR6076,PR4747
OP2648,OR6077,PR4748
OP2649,OR6078,PR4749
OP2650,OR6079,PR4750
OP2651,OR6080,PR4751
OP2652,OR6081,PR4752
OP2653,OR6082,PR4753
OP2654,OR6083,PR4754
OP2655,OR6084,PR4755
OP2656,OR6085,PR4756
OP2657,OR6086,PR4757
OP2658,OR6087,PR4758
OP2659,OR6088,PR4759
OP2660,OR6089,PR4760
OP2661,OR6090,PR4761
OP2662,OR6091,PR4762
OP2663,OR6092,PR4763
OP2664,OR6093,PR4764
OP2665,OR6094,PR4765
OP2666,OR6095,PR4766
OP2667,OR6096,PR4767
OP2668,OR6097,PR4768
OP2669,OR6098,PR4769
OP2670,OR6099,PR4770
OP2671,OR6100,PR4771
OP2672,OR6101,PR4772
OP2673,OR6102,PR4773
OP2674,OR6103,PR4774
OP2675,OR6104,PR4775
OP2676,OR6105,PR4776
OP2677,OR6106,PR4777
OP2678,OR6107,PR4778
OP2679,OR6108,PR4779
OP2680,OR6109,PR4780
OP2681,OR6110,PR4781
OP2682,OR6111,PR4782
OP2683,OR6112,PR4783
OP2684,OR6113,PR4784
OP2685,OR6114,PR4785
OP2686,OR6115,PR4786
OP2687,OR6116,PR4787
