GiftcardID,PaymentID,GiftCardNumber,GiftcardExpMM,GiftcardExpYYYY
G765,P7837,4556 8598 9698,12,2020
G766,P7838,4557 8598 9698,12,2020
G767,P7839,4558 8598 9698,12,2020
G768,P7840,4559 8598 9698,12,2020
G769,P7841,4560 8598 9698,12,2020
G770,P7842,4561 8598 9698,12,2020
G771,P7843,4562 8598 9698,12,2020
G772,P7844,4563 8598 9698,12,2020
G773,P7845,4564 8598 9698,12,2020
G774,P7846,4565 8598 9698,12,2020
G775,P7847,4566 8598 9698,12,2020
G776,P7848,4567 8598 9698,12,2020
G777,P7849,4568 8598 9698,12,2020
G778,P7850,4569 8598 9698,12,2020
G779,P7851,4570 8598 9698,12,2020
G780,P7852,4571 8598 9698,12,2020
G781,P7853,4572 8598 9698,12,2020
G782,P7854,4573 8598 9698,12,2020
G783,P7855,4574 8598 9698,12,2020
G784,P7856,4575 8598 9698,12,2020
G785,P7857,4576 8598 9698,12,2020
G786,P7858,4577 8598 9698,12,2020
G787,P7859,4578 8598 9698,12,2020
G788,P7860,4579 8598 9698,12,2020
G789,P7861,4580 8598 9698,12,2020
G790,P7862,4581 8598 9698,12,2020
G791,P7863,4582 8598 9698,12,2020
G792,P7864,4583 8598 9698,12,2020
G793,P7865,4584 8598 9698,12,2020
G794,P7866,4585 8598 9698,12,2020
G795,P7867,4586 8598 9698,12,2020
G796,P7868,4587 8598 9698,12,2020
G797,P7869,4588 8598 9698,12,2020
G798,P7870,4589 8598 9698,12,2020
G799,P7871,4590 8598 9698,12,2020
G800,P7872,4591 8598 9698,12,2020
G801,P7873,4592 8598 9698,12,2020
G802,P7874,4593 8598 9698,12,2020
G803,P7875,4594 8598 9698,12,2020
G804,P7876,4595 8598 9698,12,2020
G805,P7877,4596 8598 9698,12,2020
G806,P7878,4597 8598 9698,12,2020
G807,P7879,4598 8598 9698,12,2020
G808,P7880,4599 8598 9698,12,2020
G809,P7881,4600 8598 9698,12,2020
G810,P7882,4601 8598 9698,12,2020
G811,P7883,4602 8598 9698,12,2020
G812,P7884,4603 8598 9698,12,2020
G813,P7885,4604 8598 9698,12,2020
G814,P7886,4605 8598 9698,12,2020
G815,P7887,4606 8598 9698,12,2020
G816,P7888,4607 8598 9698,12,2020
G817,P7889,4608 8598 9698,12,2020
G818,P7890,4609 8598 9698,12,2020
G819,P7891,4610 8598 9698,12,2020
G820,P7892,4611 8598 9698,12,2020
G821,P7893,4612 8598 9698,12,2020
G822,P7894,4613 8598 9698,12,2020
G823,P7895,4614 8598 9698,12,2020
G824,P7896,4615 8598 9698,12,2020
G825,P7897,4616 8598 9698,12,2020
G826,P7898,4617 8598 9698,12,2020
G827,P7899,4618 8598 9698,12,2020
G828,P7900,4619 8598 9698,12,2020
G829,P7901,4620 8598 9698,12,2020
G830,P7902,4621 8598 9698,12,2020
G831,P7903,4622 8598 9698,12,2020
G832,P7904,4623 8598 9698,12,2020
G833,P7905,4624 8598 9698,12,2020
G834,P7906,4625 8598 9698,12,2020
G835,P7907,4626 8598 9698,12,2020
G836,P7908,4627 8598 9698,12,2020
G837,P7909,4628 8598 9698,12,2020
G838,P7910,4629 8598 9698,12,2020
G839,P7911,4630 8598 9698,12,2020
G840,P7912,4631 8598 9698,12,2020
G841,P7913,4632 8598 9698,12,2020
G842,P7914,4633 8598 9698,12,2020
G843,P7915,4634 8598 9698,12,2020
G844,P7916,4635 8598 9698,12,2020
G845,P7917,4636 8598 9698,12,2020
G846,P7918,4637 8598 9698,12,2020
G847,P7919,4638 8598 9698,12,2020
G848,P7920,4639 8598 9698,12,2020
G849,P7921,4640 8598 9698,12,2020
G850,P7922,4641 8598 9698,12,2020
G851,P7923,4642 8598 9698,12,2020
G852,P7924,4643 8598 9698,12,2020
G853,P7925,4644 8598 9698,12,2020
G854,P7926,4645 8598 9698,12,2020
G855,P7927,4646 8598 9698,12,2020
G856,P7928,4647 8598 9698,12,2020
G857,P7929,4648 8598 9698,12,2020
G858,P7930,4649 8598 9698,12,2020
G859,P7931,4650 8598 9698,12,2020
G860,P7932,4651 8598 9698,12,2020
G861,P7933,4652 8598 9698,12,2020
G862,P7934,4653 8598 9698,12,2020
G863,P7935,4654 8598 9698,12,2020
