CreditCardID,PaymentID,CreditCardNum,CardExpM,CardExpY,CardSecurityNumber,CardAddress,CardCity,CardPostalCode
CC4791,P7768,4510 9348 3284 8328,10,2018,112,5119 ARCHER BLVD,MEMPHIS,D8V 0D2
CC4792,P7769,4510 6558 8583 8439,9,2019,232,5120 ARCHER BLVD,MEMPHIS,D8V 0D3
CC4793,P7770,5590 7788 4492 7402,3,2022,835,5121 ARCHER BLVD,MEMPHIS,D8V 0D4
CC4794,P7771,5590 6492 7696 2332,3,2020,123,5122 ARCHER BLVD,MEMPHIS,D8V 0D5
CC4795,P7772,8930 3840 3945 9342,6,2018,582,5123 ARCHER BLVD,MEMPHIS,D8V 0D6
CC4796,P7773,4551 9394 3840 3434,12,2019,773,5124 ARCHER BLVD,MEMPHIS,D8V 0D7
CC4797,P7774,4510 9348 3284 8328,12,2018,112,5125 ARCHER BLVD,MEMPHIS,D8V 0D8
CC4798,P7775,4510 6558 8583 8439,12,2019,232,5126 ARCHER BLVD,MEMPHIS,D8V 0D9
CC4799,P7776,5590 7788 4492 7402,12,2022,835,5127 ARCHER BLVD,MEMPHIS,D8V 0D10
CC4800,P7777,5590 6492 7696 2332,12,2020,123,5128 ARCHER BLVD,MEMPHIS,D8V 0D11
CC4801,P7778,8930 3840 3945 9342,12,2018,582,5129 ARCHER BLVD,MEMPHIS,D8V 0D12
CC4802,P7779,4551 9394 3840 3434,12,2019,773,5130 ARCHER BLVD,MEMPHIS,D8V 0D13
CC4803,P7780,4510 9348 3284 8328,12,2018,112,5131 ARCHER BLVD,MEMPHIS,D8V 0D14
CC4804,P7781,4510 6558 8583 8439,12,2019,232,5132 ARCHER BLVD,MEMPHIS,D8V 0D15
CC4805,P7782,5590 7788 4492 7402,12,2022,835,5133 ARCHER BLVD,MEMPHIS,D8V 0D16
CC4806,P7783,5590 6492 7696 2332,12,2020,123,5134 ARCHER BLVD,MEMPHIS,D8V 0D17
CC4807,P7784,8930 3840 3945 9342,12,2018,582,5135 ARCHER BLVD,MEMPHIS,D8V 0D18
CC4808,P7785,4551 9394 3840 3434,12,2019,773,5136 ARCHER BLVD,MEMPHIS,D8V 0D19
CC4809,P7786,4510 9348 3284 8328,12,2018,112,5137 ARCHER BLVD,MEMPHIS,D8V 0D20
CC4810,P7787,4510 6558 8583 8439,12,2019,232,5138 ARCHER BLVD,MEMPHIS,D8V 0D21
CC4811,P7788,5590 7788 4492 7402,12,2022,835,5139 ARCHER BLVD,MEMPHIS,D8V 0D22
CC4812,P7789,5590 6492 7696 2332,12,2020,123,5140 ARCHER BLVD,MEMPHIS,D8V 0D23
CC4813,P7790,8930 3840 3945 9342,12,2018,582,5141 ARCHER BLVD,MEMPHIS,D8V 0D24
CC4814,P7791,4551 9394 3840 3434,12,2019,773,5142 ARCHER BLVD,MEMPHIS,D8V 0D25
CC4815,P7792,4510 9348 3284 8328,12,2018,112,5143 ARCHER BLVD,MEMPHIS,D8V 0D26
CC4816,P7793,4510 6558 8583 8439,12,2019,232,5144 ARCHER BLVD,MEMPHIS,D8V 0D27
CC4817,P7794,5590 7788 4492 7402,12,2022,835,5145 ARCHER BLVD,MEMPHIS,D8V 0D28
CC4818,P7795,5590 6492 7696 2332,12,2020,123,5146 ARCHER BLVD,MEMPHIS,D8V 0D29
CC4819,P7796,8930 3840 3945 9342,12,2018,582,5147 ARCHER BLVD,MEMPHIS,D8V 0D30
CC4820,P7797,4551 9394 3840 3434,12,2019,773,5148 ARCHER BLVD,MEMPHIS,D8V 0D31
CC4821,P7798,4510 9348 3284 8328,12,2018,112,5149 ARCHER BLVD,MEMPHIS,D8V 0D32
CC4822,P7799,4510 6558 8583 8439,12,2019,232,5150 ARCHER BLVD,MEMPHIS,D8V 0D33
CC4823,P7800,5590 7788 4492 7402,12,2022,835,5151 ARCHER BLVD,MEMPHIS,D8V 0D34
CC4824,P7801,5590 6492 7696 2332,12,2020,123,5152 ARCHER BLVD,MEMPHIS,D8V 0D35
CC4825,P7802,8930 3840 3945 9342,12,2018,582,5153 ARCHER BLVD,MEMPHIS,D8V 0D36
CC4826,P7803,4551 9394 3840 3434,12,2019,773,5154 ARCHER BLVD,MEMPHIS,D8V 0D37
CC4827,P7804,4510 9348 3284 8328,12,2018,112,5155 ARCHER BLVD,MEMPHIS,D8V 0D38
CC4828,P7805,4510 6558 8583 8439,12,2019,232,5156 ARCHER BLVD,MEMPHIS,D8V 0D39
CC4829,P7806,5590 7788 4492 7402,12,2022,835,5157 ARCHER BLVD,MEMPHIS,D8V 0D40
CC4830,P7807,5590 6492 7696 2332,12,2020,123,5158 ARCHER BLVD,MEMPHIS,D8V 0D41
CC4831,P7808,8930 3840 3945 9342,12,2018,582,5159 ARCHER BLVD,MEMPHIS,D8V 0D42
CC4832,P7809,4551 9394 3840 3434,12,2019,773,5160 ARCHER BLVD,MEMPHIS,D8V 0D43
CC4833,P7810,4510 9348 3284 8328,12,2018,112,5161 ARCHER BLVD,MEMPHIS,D8V 0D44
CC4834,P7811,4510 6558 8583 8439,12,2019,232,5162 ARCHER BLVD,MEMPHIS,D8V 0D45
CC4835,P7812,5590 7788 4492 7402,12,2022,835,5163 ARCHER BLVD,MEMPHIS,D8V 0D46
CC4836,P7813,5590 6492 7696 2332,12,2020,123,5164 ARCHER BLVD,MEMPHIS,D8V 0D47
CC4837,P7814,8930 3840 3945 9342,12,2018,582,5165 ARCHER BLVD,MEMPHIS,D8V 0D48
CC4838,P7815,4551 9394 3840 3434,12,2019,773,5166 ARCHER BLVD,MEMPHIS,D8V 0D49
CC4839,P7816,4510 9348 3284 8328,12,2018,112,5167 ARCHER BLVD,MEMPHIS,D8V 0D50
CC4840,P7817,4510 6558 8583 8439,12,2019,232,5168 ARCHER BLVD,MEMPHIS,D8V 0D51
CC4841,P7818,5590 7788 4492 7402,12,2022,835,5169 ARCHER BLVD,MEMPHIS,D8V 0D52
CC4842,P7819,5590 6492 7696 2332,12,2020,123,5170 ARCHER BLVD,MEMPHIS,D8V 0D53
CC4843,P7820,8930 3840 3945 9342,12,2018,582,5171 ARCHER BLVD,MEMPHIS,D8V 0D54
CC4844,P7821,4551 9394 3840 3434,12,2019,773,5172 ARCHER BLVD,MEMPHIS,D8V 0D55
CC4845,P7822,4510 9348 3284 8328,12,2018,112,5173 ARCHER BLVD,MEMPHIS,D8V 0D56
CC4846,P7823,4510 6558 8583 8439,12,2019,232,5174 ARCHER BLVD,MEMPHIS,D8V 0D57
CC4847,P7824,5590 7788 4492 7402,12,2022,835,5175 ARCHER BLVD,MEMPHIS,D8V 0D58
CC4848,P7825,5590 6492 7696 2332,12,2020,123,5176 ARCHER BLVD,MEMPHIS,D8V 0D59
CC4849,P7826,8930 3840 3945 9342,12,2018,582,5177 ARCHER BLVD,MEMPHIS,D8V 0D60
CC4850,P7827,4551 9394 3840 3434,12,2019,773,5178 ARCHER BLVD,MEMPHIS,D8V 0D61
CC4851,P7828,4510 9348 3284 8328,12,2018,112,5179 ARCHER BLVD,MEMPHIS,D8V 0D62
CC4852,P7829,4510 6558 8583 8439,12,2019,232,5180 ARCHER BLVD,MEMPHIS,D8V 0D63
CC4853,P7830,5590 7788 4492 7402,12,2022,835,5181 ARCHER BLVD,MEMPHIS,D8V 0D64
CC4854,P7831,5590 6492 7696 2332,12,2020,123,5182 ARCHER BLVD,MEMPHIS,D8V 0D65
CC4855,P7832,8930 3840 3945 9342,12,2018,582,5183 ARCHER BLVD,MEMPHIS,D8V 0D66
CC4856,P7833,4551 9394 3840 3434,12,2019,773,5184 ARCHER BLVD,MEMPHIS,D8V 0D67
CC4857,P7834,4510 9348 3284 8328,12,2018,112,5185 ARCHER BLVD,MEMPHIS,D8V 0D68
CC4858,P7835,4510 6558 8583 8439,12,2019,232,5186 ARCHER BLVD,MEMPHIS,D8V 0D69
CC4859,P7836,5590 7788 4492 7402,12,2022,835,5187 ARCHER BLVD,MEMPHIS,D8V 0D70
CC4860,P7837,5590 6492 7696 2332,12,2020,123,5188 ARCHER BLVD,MEMPHIS,D8V 0D71
CC4861,P7838,8930 3840 3945 9342,12,2018,582,5189 ARCHER BLVD,MEMPHIS,D8V 0D72
CC4862,P7839,4551 9394 3840 3434,12,2019,773,5190 ARCHER BLVD,MEMPHIS,D8V 0D73
CC4863,P7840,4510 9348 3284 8328,12,2018,112,5191 ARCHER BLVD,MEMPHIS,D8V 0D74
CC4864,P7841,4510 6558 8583 8439,12,2019,232,5192 ARCHER BLVD,MEMPHIS,D8V 0D75
CC4865,P7842,5590 7788 4492 7402,12,2022,835,5193 ARCHER BLVD,MEMPHIS,D8V 0D76
CC4866,P7843,5590 6492 7696 2332,12,2020,123,5194 ARCHER BLVD,MEMPHIS,D8V 0D77
CC4867,P7844,8930 3840 3945 9342,12,2018,582,5195 ARCHER BLVD,MEMPHIS,D8V 0D78
CC4868,P7845,4551 9394 3840 3434,12,2019,773,5196 ARCHER BLVD,MEMPHIS,D8V 0D79
CC4869,P7846,4510 9348 3284 8328,12,2018,112,5197 ARCHER BLVD,MEMPHIS,D8V 0D80
CC4870,P7847,4510 6558 8583 8439,12,2019,232,5198 ARCHER BLVD,MEMPHIS,D8V 0D81
CC4871,P7848,5590 7788 4492 7402,12,2022,835,5199 ARCHER BLVD,MEMPHIS,D8V 0D82
CC4872,P7849,5590 6492 7696 2332,12,2020,123,5200 ARCHER BLVD,MEMPHIS,D8V 0D83
CC4873,P7850,8930 3840 3945 9342,12,2018,582,5201 ARCHER BLVD,MEMPHIS,D8V 0D84
CC4874,P7851,4551 9394 3840 3434,12,2019,773,5202 ARCHER BLVD,MEMPHIS,D8V 0D85
CC4875,P7852,4510 9348 3284 8328,12,2018,112,5203 ARCHER BLVD,MEMPHIS,D8V 0D86
CC4876,P7853,4510 6558 8583 8439,12,2019,232,5204 ARCHER BLVD,MEMPHIS,D8V 0D87
CC4877,P7854,5590 7788 4492 7402,12,2022,835,5205 ARCHER BLVD,MEMPHIS,D8V 0D88
CC4878,P7855,5590 6492 7696 2332,12,2020,123,5206 ARCHER BLVD,MEMPHIS,D8V 0D89
CC4879,P7856,8930 3840 3945 9342,12,2018,582,5207 ARCHER BLVD,MEMPHIS,D8V 0D90
CC4880,P7857,4551 9394 3840 3434,12,2019,773,5208 ARCHER BLVD,MEMPHIS,D8V 0D91
CC4881,P7858,4510 9348 3284 8328,12,2018,112,5209 ARCHER BLVD,MEMPHIS,D8V 0D92
CC4882,P7859,4510 6558 8583 8439,12,2019,232,5210 ARCHER BLVD,MEMPHIS,D8V 0D93
CC4883,P7860,5590 7788 4492 7402,12,2022,835,5211 ARCHER BLVD,MEMPHIS,D8V 0D94
CC4884,P7861,5590 6492 7696 2332,12,2020,123,5212 ARCHER BLVD,MEMPHIS,D8V 0D95
CC4885,P7862,8930 3840 3945 9342,12,2018,582,5213 ARCHER BLVD,MEMPHIS,D8V 0D96
CC4886,P7863,4551 9394 3840 3434,12,2019,773,5214 ARCHER BLVD,MEMPHIS,D8V 0D97
CC4887,P7864,4510 9348 3284 8328,12,2018,112,5215 ARCHER BLVD,MEMPHIS,D8V 0D98
CC4888,P7865,4510 6558 8583 8439,12,2019,232,5216 ARCHER BLVD,MEMPHIS,D8V 0D99
CC4889,P7866,5590 7788 4492 7402,12,2022,835,5217 ARCHER BLVD,MEMPHIS,D8V 0D100
