WishlistID,ProductID
W602,PR4769
W603,PR4770
W604,PR4771
W605,PR4772
W606,PR4773
W607,PR4774
W608,PR4775
W609,PR4776
W610,PR4777
W611,PR4778
W612,PR4779
W613,PR4780
W614,PR4781
W615,PR4782
W616,PR4783
W617,PR4784
W618,PR4785
W619,PR4786
W620,PR4787
W621,PR4788
W622,PR4789
W623,PR4790
W624,PR4791
W625,PR4792
W626,PR4793
W627,PR4794
W628,PR4795
W629,PR4796
W630,PR4797
W631,PR4798
W632,PR4799
W633,PR4800
W634,PR4801
W635,PR4802
W636,PR4803
W637,PR4804
W638,PR4805
W639,PR4806
W640,PR4807
W641,PR4808
W642,PR4809
W643,PR4810
W644,PR4811
W645,PR4812
W646,PR4813
W647,PR4814
W648,PR4815
W649,PR4816
W650,PR4817
W651,PR4818
W652,PR4819
W653,PR4820
W654,PR4821
W655,PR4822
W656,PR4823
W657,PR4824
W658,PR4825
W659,PR4826
W660,PR4827
W661,PR4828
W662,PR4829
W663,PR4830
W664,PR4831
W665,PR4832
W666,PR4833
W667,PR4834
W668,PR4835
W669,PR4836
W670,PR4837
W671,PR4838
W672,PR4839
W673,PR4840
W674,PR4841
W675,PR4842
W676,PR4843
W677,PR4844
W678,PR4845
W679,PR4846
W680,PR4847
W681,PR4848
W682,PR4849
W683,PR4850
W684,PR4851
W685,PR4852
W686,PR4853
W687,PR4854
W688,PR4855
W689,PR4856
W690,PR4857
W691,PR4858
W692,PR4859
W693,PR4860
W694,PR4861
W695,PR4862
W696,PR4863
W697,PR4864
W698,PR4865
W699,PR4866
W700,PR4867
